date,order_id,revenue,units,region,product_category,sales_channel,visitors,_parsed_date
2026-07-28,ORD-0728-7232,162.92,4.0,West,Home & Living,Marketplace,108.0,2026-07-28
2026-07-28,ORD-0728-4277,160.83,2.0,West,Home & Living,Marketplace,87.0,2026-07-28
2026-07-28,ORD-0728-7796,109.03,3.0,West,Health & Beauty,Online Store,114.0,2026-07-28
2026-07-28,ORD-0728-7160,596.08,1.0,South,Electronics,In-Store POS,81.0,2026-07-28
2026-07-28,ORD-0728-3786,60.54,1.0,East,Home & Living,Online Store,97.0,2026-07-28
2026-07-28,ORD-0728-7233,133.57,4.0,West,Apparel,Online Store,102.0,2026-07-28
2026-07-28,ORD-0728-8946,122.92,1.0,West,Apparel,Mobile App,110.0,2026-07-28
2026-07-28,ORD-0728-1310,91.2,3.0,East,Health & Beauty,Marketplace,140.0,2026-07-28
2026-07-28,ORD-0728-2330,79.99,3.0,West,Home & Living,Mobile App,87.0,2026-07-28
2026-07-28,ORD-0728-6673,165.64,4.0,West,Apparel,Marketplace,144.0,2026-07-28
2026-07-28,ORD-0728-2593,144.31,1.0,East,Home & Living,In-Store POS,120.0,2026-07-28
2026-07-28,ORD-0728-6994,86.99,4.0,West,Health & Beauty,Marketplace,120.0,2026-07-28
2026-07-28,ORD-0728-8563,46.83,3.0,West,Health & Beauty,Online Store,112.0,2026-07-28
2026-07-28,ORD-0728-9287,68.23,2.0,South,Health & Beauty,In-Store POS,117.0,2026-07-28
2026-07-28,ORD-0728-3014,340.96,2.0,East,Electronics,Marketplace,99.0,2026-07-28
2026-07-28,ORD-0728-6452,44.9,2.0,South,Apparel,In-Store POS,120.0,2026-07-28
2026-07-28,ORD-0728-2411,149.64,3.0,East,Apparel,Mobile App,146.0,2026-07-28
2026-07-28,ORD-0728-8690,258.62,4.0,North,Electronics,Online Store,123.0,2026-07-28
2026-07-28,ORD-0728-9103,60.26,4.0,West,Home & Living,Online Store,100.0,2026-07-28
2026-07-29,ORD-0729-7385,143.3,1.0,North,Health & Beauty,Marketplace,110.0,2026-07-29
2026-07-29,ORD-0729-7356,110.39,2.0,East,Home & Living,Online Store,83.0,2026-07-29
2026-07-29,ORD-0729-1280,163.29,4.0,West,Apparel,Marketplace,90.0,2026-07-29
2026-07-29,ORD-0729-2880,81.41,1.0,South,Apparel,Marketplace,101.0,2026-07-29
2026-07-29,ORD-0729-1603,375.83,3.0,East,Electronics,Marketplace,121.0,2026-07-29
2026-07-29,ORD-0729-8967,270.27,3.0,South,Electronics,Mobile App,87.0,2026-07-29
2026-07-29,ORD-0729-3891,95.12,3.0,West,Apparel,In-Store POS,149.0,2026-07-29
2026-07-29,ORD-0729-7435,115.81,1.0,West,Health & Beauty,Mobile App,84.0,2026-07-29
2026-07-29,ORD-0729-6642,160.16,2.0,West,Health & Beauty,In-Store POS,145.0,2026-07-29
2026-07-29,ORD-0729-7005,325.32,3.0,West,Electronics,Marketplace,114.0,2026-07-29
2026-07-29,ORD-0729-7139,71.45,3.0,East,Home & Living,Marketplace,147.0,2026-07-29
2026-07-29,ORD-0729-2727,67.49,2.0,South,Health & Beauty,Mobile App,131.0,2026-07-29
2026-07-29,ORD-0729-3561,100.55,1.0,North,Home & Living,Online Store,89.0,2026-07-29
2026-07-29,ORD-0729-3837,357.89,2.0,North,Electronics,In-Store POS,135.0,2026-07-29
2026-07-29,ORD-0729-6002,249.79,2.0,East,Electronics,In-Store POS,91.0,2026-07-29
2026-07-29,ORD-0729-8994,188.93,1.0,West,Electronics,Online Store,129.0,2026-07-29
2026-07-29,ORD-0729-3568,114.01,3.0,South,Health & Beauty,Marketplace,108.0,2026-07-29
2026-07-29,ORD-0729-6654,36.62,2.0,West,Apparel,Mobile App,123.0,2026-07-29
2026-07-29,ORD-0729-8847,375.39,2.0,West,Electronics,In-Store POS,124.0,2026-07-29
2026-07-29,ORD-0729-8656,51.08,4.0,West,Apparel,Mobile App,134.0,2026-07-29
2026-07-29,ORD-0729-2989,44.96,3.0,East,Home & Living,In-Store POS,80.0,2026-07-29
2026-07-30,ORD-0730-4092,274.17,3.0,West,Electronics,Mobile App,120.0,2026-07-30
2026-07-30,ORD-0730-8226,122.55,1.0,South,Health & Beauty,Online Store,136.0,2026-07-30
2026-07-30,ORD-0730-9063,59.35,4.0,North,Apparel,Online Store,109.0,2026-07-30
2026-07-30,ORD-0730-6781,120.77,4.0,South,Home & Living,Online Store,84.0,2026-07-30
2026-07-30,ORD-0730-7014,97.24,1.0,North,Apparel,Online Store,103.0,2026-07-30
2026-07-30,ORD-0730-4250,198.89,2.0,North,Electronics,Online Store,84.0,2026-07-30
2026-07-30,ORD-0730-2507,106.32,3.0,East,Health & Beauty,In-Store POS,123.0,2026-07-30
2026-07-30,ORD-0730-6237,169.64,2.0,South,Apparel,Mobile App,85.0,2026-07-30
2026-07-30,ORD-0730-5969,121.75,3.0,South,Apparel,Mobile App,118.0,2026-07-30
2026-07-30,ORD-0730-9560,152.14,2.0,North,Health & Beauty,Online Store,120.0,2026-07-30
2026-07-30,ORD-0730-1443,39.71,1.0,South,Apparel,Marketplace,127.0,2026-07-30
2026-07-30,ORD-0730-6755,68.83,1.0,North,Health & Beauty,In-Store POS,140.0,2026-07-30
2026-07-30,ORD-0730-6767,135.57,3.0,North,Home & Living,In-Store POS,130.0,2026-07-30
2026-07-30,ORD-0730-6350,391.13,3.0,North,Electronics,Online Store,92.0,2026-07-30
2026-07-30,ORD-0730-6781,156.0,2.0,North,Home & Living,In-Store POS,140.0,2026-07-30
2026-07-30,ORD-0730-3183,133.89,4.0,South,Home & Living,In-Store POS,146.0,2026-07-30
2026-07-30,ORD-0730-2276,129.31,3.0,South,Health & Beauty,Mobile App,102.0,2026-07-30
2026-07-30,ORD-0730-7213,119.62,3.0,West,Apparel,Marketplace,118.0,2026-07-30
2026-07-30,ORD-0730-1487,169.25,3.0,West,Home & Living,In-Store POS,142.0,2026-07-30
2026-07-30,ORD-0730-4283,326.36,3.0,North,Electronics,Online Store,114.0,2026-07-30
2026-07-31,ORD-0731-5892,164.27,2.0,East,Home & Living,Marketplace,140.0,2026-07-31
2026-07-31,ORD-0731-7706,58.28,3.0,East,Apparel,Marketplace,126.0,2026-07-31
2026-07-31,ORD-0731-9027,54.84,3.0,West,Apparel,Online Store,142.0,2026-07-31
2026-07-31,ORD-0731-7426,76.64,2.0,East,Apparel,Mobile App,81.0,2026-07-31
2026-07-31,ORD-0731-5680,134.6,2.0,East,Apparel,Marketplace,90.0,2026-07-31
2026-07-31,ORD-0731-2435,167.21,1.0,South,Electronics,In-Store POS,130.0,2026-07-31
2026-07-31,ORD-0731-2382,47.18,4.0,South,Home & Living,Marketplace,114.0,2026-07-31
2026-07-31,ORD-0731-8731,177.12,1.0,South,Health & Beauty,In-Store POS,95.0,2026-07-31
2026-07-31,ORD-0731-5527,149.94,3.0,North,Home & Living,In-Store POS,84.0,2026-07-31
2026-07-31,ORD-0731-8549,98.68,2.0,South,Health & Beauty,In-Store POS,137.0,2026-07-31
2026-07-31,ORD-0731-2677,158.96,1.0,West,Apparel,Marketplace,111.0,2026-07-31
2026-07-31,ORD-0731-9850,168.69,4.0,West,Apparel,Marketplace,145.0,2026-07-31
2026-07-31,ORD-0731-9414,87.21,4.0,West,Home & Living,In-Store POS,94.0,2026-07-31
2026-07-31,ORD-0731-6349,39.54,1.0,North,Health & Beauty,Online Store,96.0,2026-07-31
2026-07-31,ORD-0731-5786,496.06,2.0,East,Electronics,Mobile App,80.0,2026-07-31
2026-07-31,ORD-0731-2605,138.58,4.0,South,Home & Living,In-Store POS,149.0,2026-07-31
2026-07-31,ORD-0731-6723,102.65,1.0,East,Home & Living,Mobile App,99.0,2026-07-31
2026-07-31,ORD-0731-1364,144.22,1.0,East,Electronics,Mobile App,131.0,2026-07-31
2026-07-31,ORD-0731-9379,138.69,4.0,West,Apparel,In-Store POS,89.0,2026-07-31
2026-07-31,ORD-0731-8684,26.92,4.0,East,Health & Beauty,Online Store,81.0,2026-07-31
2026-07-31,ORD-0731-5881,497.84,2.0,West,Electronics,Online Store,104.0,2026-07-31
2026-07-31,ORD-0731-3818,451.37,3.0,West,Electronics,In-Store POS,129.0,2026-07-31
2026-07-31,ORD-0731-4434,87.27,3.0,South,Health & Beauty,Marketplace,136.0,2026-07-31
2026-07-31,ORD-0731-2270,395.35,2.0,East,Electronics,In-Store POS,128.0,2026-07-31
2026-07-31,ORD-0731-1276,40.01,3.0,South,Health & Beauty,In-Store POS,91.0,2026-07-31
2026-07-31,ORD-0731-1860,176.73,4.0,North,Apparel,Online Store,112.0,2026-07-31
2026-07-31,ORD-0731-8688,146.21,3.0,North,Home & Living,Mobile App,112.0,2026-07-31
2026-07-31,ORD-0731-6041,132.22,2.0,North,Apparel,Mobile App,96.0,2026-07-31
2026-07-31,ORD-0731-5628,39.28,1.0,South,Apparel,Mobile App,120.0,2026-07-31
2026-07-31,ORD-0731-9268,104.88,2.0,East,Home & Living,Marketplace,125.0,2026-07-31
2026-07-31,ORD-0731-9206,170.34,3.0,West,Apparel,Mobile App,92.0,2026-07-31
2026-08-01,ORD-0801-1453,79.54,2.0,North,Home & Living,Marketplace,132.0,2026-08-01
2026-08-01,ORD-0801-8434,114.04,1.0,West,Home & Living,Mobile App,126.0,2026-08-01
2026-08-01,ORD-0801-6782,152.81,3.0,East,Home & Living,Online Store,136.0,2026-08-01
2026-08-01,ORD-0801-9712,116.58,4.0,West,Apparel,Marketplace,135.0,2026-08-01
2026-08-01,ORD-0801-4000,114.1,2.0,North,Electronics,Online Store,148.0,2026-08-01
2026-08-01,ORD-0801-2564,47.19,2.0,West,Health & Beauty,Online Store,92.0,2026-08-01
2026-08-01,ORD-0801-8734,336.8,3.0,North,Electronics,Mobile App,108.0,2026-08-01
2026-08-01,ORD-0801-1039,123.01,2.0,East,Health & Beauty,Marketplace,147.0,2026-08-01
2026-08-01,ORD-0801-6814,108.03,3.0,East,Electronics,In-Store POS,97.0,2026-08-01
2026-08-01,ORD-0801-1946,167.49,1.0,North,Health & Beauty,Online Store,102.0,2026-08-01
2026-08-01,ORD-0801-4100,49.62,2.0,North,Home & Living,Marketplace,131.0,2026-08-01
2026-08-01,ORD-0801-5572,163.27,1.0,East,Home & Living,Marketplace,120.0,2026-08-01
2026-08-01,ORD-0801-1910,415.0,1.0,East,Electronics,Online Store,100.0,2026-08-01
2026-08-01,ORD-0801-5359,122.77,4.0,North,Health & Beauty,Marketplace,141.0,2026-08-01
2026-08-01,ORD-0801-4440,311.96,3.0,North,Electronics,Online Store,83.0,2026-08-01
2026-08-01,ORD-0801-7003,148.95,1.0,North,Apparel,Mobile App,82.0,2026-08-01
2026-08-01,ORD-0801-3028,145.23,1.0,East,Home & Living,Online Store,106.0,2026-08-01
2026-08-01,ORD-0801-7839,169.89,3.0,North,Health & Beauty,Online Store,102.0,2026-08-01
2026-08-01,ORD-0801-7396,161.63,4.0,South,Apparel,Online Store,80.0,2026-08-01
2026-08-01,ORD-0801-8341,112.61,4.0,South,Apparel,Mobile App,127.0,2026-08-01
2026-08-01,ORD-0801-4256,106.5,2.0,South,Apparel,Online Store,89.0,2026-08-01
2026-08-01,ORD-0801-9163,42.18,3.0,East,Health & Beauty,In-Store POS,141.0,2026-08-01
2026-08-01,ORD-0801-4613,25.63,1.0,East,Home & Living,Online Store,96.0,2026-08-01
2026-08-01,ORD-0801-1068,168.51,3.0,South,Home & Living,Mobile App,149.0,2026-08-01
2026-08-01,ORD-0801-4056,145.82,1.0,South,Home & Living,Mobile App,89.0,2026-08-01
2026-08-01,ORD-0801-8565,129.98,1.0,South,Home & Living,Mobile App,103.0,2026-08-01
2026-08-01,ORD-0801-3433,65.93,3.0,West,Health & Beauty,Mobile App,110.0,2026-08-01
2026-08-01,ORD-0801-4124,82.24,3.0,West,Home & Living,Online Store,87.0,2026-08-01
2026-08-01,ORD-0801-6727,35.2,2.0,South,Home & Living,Online Store,85.0,2026-08-01
2026-08-01,ORD-0801-3854,85.26,4.0,West,Apparel,In-Store POS,126.0,2026-08-01
2026-08-01,ORD-0801-4220,198.02,3.0,South,Electronics,Online Store,129.0,2026-08-01
2026-08-02,ORD-0802-2317,177.1,2.0,West,Health & Beauty,Mobile App,103.0,2026-08-02
2026-08-02,ORD-0802-7306,173.4,1.0,North,Health & Beauty,Mobile App,118.0,2026-08-02
2026-08-02,ORD-0802-4482,54.2,2.0,East,Home & Living,Marketplace,150.0,2026-08-02
2026-08-02,ORD-0802-1764,105.8,4.0,North,Health & Beauty,Marketplace,143.0,2026-08-02
2026-08-02,ORD-0802-1687,105.83,2.0,North,Health & Beauty,Mobile App,111.0,2026-08-02
2026-08-02,ORD-0802-1101,70.92,1.0,East,Home & Living,Mobile App,110.0,2026-08-02
2026-08-02,ORD-0802-4693,117.31,3.0,West,Home & Living,Mobile App,117.0,2026-08-02
2026-08-02,ORD-0802-9839,70.27,1.0,South,Apparel,Online Store,107.0,2026-08-02
2026-08-02,ORD-0802-8872,70.94,2.0,West,Health & Beauty,Marketplace,145.0,2026-08-02
2026-08-02,ORD-0802-5258,31.51,3.0,North,Home & Living,Mobile App,108.0,2026-08-02
2026-08-02,ORD-0802-1674,35.75,4.0,East,Health & Beauty,Marketplace,116.0,2026-08-02
2026-08-02,ORD-0802-7239,51.59,3.0,West,Apparel,In-Store POS,88.0,2026-08-02
2026-08-02,ORD-0802-9827,32.29,1.0,North,Apparel,In-Store POS,88.0,2026-08-02
2026-08-02,ORD-0802-8157,51.62,3.0,East,Home & Living,In-Store POS,84.0,2026-08-02
2026-08-02,ORD-0802-7973,99.45,2.0,West,Health & Beauty,Marketplace,89.0,2026-08-02
2026-08-02,ORD-0802-4263,341.43,1.0,East,Electronics,Mobile App,147.0,2026-08-02
2026-08-02,ORD-0802-5338,70.6,1.0,West,Health & Beauty,Marketplace,127.0,2026-08-02
2026-08-02,ORD-0802-9628,484.54,2.0,East,Electronics,Online Store,138.0,2026-08-02
2026-08-02,ORD-0802-1397,177.86,1.0,West,Home & Living,Marketplace,117.0,2026-08-02
2026-08-02,ORD-0802-5393,158.57,1.0,South,Health & Beauty,Marketplace,138.0,2026-08-02
2026-08-02,ORD-0802-4411,88.42,1.0,West,Apparel,Mobile App,102.0,2026-08-02
2026-08-02,ORD-0802-9558,115.05,3.0,East,Home & Living,Online Store,101.0,2026-08-02
2026-08-02,ORD-0802-3891,143.91,4.0,East,Health & Beauty,In-Store POS,121.0,2026-08-02
2026-08-02,ORD-0802-4169,132.06,4.0,East,Home & Living,Mobile App,148.0,2026-08-02
2026-08-02,ORD-0802-1283,50.71,4.0,North,Home & Living,Online Store,145.0,2026-08-02
2026-08-02,ORD-0802-7911,174.57,1.0,East,Home & Living,Marketplace,139.0,2026-08-02
2026-08-02,ORD-0802-3958,177.21,4.0,West,Apparel,Mobile App,137.0,2026-08-02
2026-08-02,ORD-0802-9462,75.2,3.0,East,Health & Beauty,Mobile App,113.0,2026-08-02
2026-08-02,ORD-0802-3246,107.36,4.0,North,Home & Living,Marketplace,120.0,2026-08-02
2026-08-02,ORD-0802-5677,411.27,4.0,South,Electronics,In-Store POS,144.0,2026-08-02
2026-08-02,ORD-0802-2403,347.16,3.0,North,Electronics,In-Store POS,108.0,2026-08-02
2026-08-02,ORD-0802-4140,44.54,3.0,East,Health & Beauty,Mobile App,145.0,2026-08-02
2026-08-02,ORD-0802-8359,87.29,1.0,West,Electronics,Online Store,99.0,2026-08-02
2026-08-02,ORD-0802-1580,159.94,1.0,South,Home & Living,In-Store POS,131.0,2026-08-02
2026-08-02,ORD-0802-8259,49.44,1.0,North,Home & Living,Mobile App,93.0,2026-08-02
2026-08-02,ORD-0802-9634,69.83,4.0,North,Home & Living,Mobile App,128.0,2026-08-02
2026-08-02,ORD-0802-4620,286.94,3.0,South,Electronics,Online Store,94.0,2026-08-02
2026-08-03,ORD-0803-3520,92.2,1.0,North,Health & Beauty,Online Store,108.0,2026-08-03
2026-08-03,ORD-0803-6051,367.79,4.0,West,Electronics,In-Store POS,149.0,2026-08-03
2026-08-03,ORD-0803-4633,99.01,1.0,South,Apparel,Marketplace,133.0,2026-08-03
2026-08-03,ORD-0803-3926,92.68,3.0,West,Health & Beauty,Mobile App,137.0,2026-08-03
2026-08-03,ORD-0803-8902,98.57,1.0,South,Apparel,Mobile App,94.0,2026-08-03
2026-08-03,ORD-0803-6124,464.37,1.0,South,Electronics,In-Store POS,101.0,2026-08-03
2026-08-03,ORD-0803-2399,31.1,1.0,South,Apparel,In-Store POS,82.0,2026-08-03
2026-08-03,ORD-0803-3763,88.68,2.0,West,Home & Living,Marketplace,122.0,2026-08-03
2026-08-03,ORD-0803-5124,113.85,1.0,East,Home & Living,In-Store POS,93.0,2026-08-03
2026-08-03,ORD-0803-3968,138.45,2.0,South,Apparel,Marketplace,93.0,2026-08-03
2026-08-03,ORD-0803-1171,31.95,3.0,East,Apparel,Mobile App,88.0,2026-08-03
2026-08-03,ORD-0803-1018,187.68,1.0,North,Electronics,Marketplace,118.0,2026-08-03
2026-08-03,ORD-0803-6844,146.74,3.0,East,Apparel,Marketplace,86.0,2026-08-03
2026-08-03,ORD-0803-6330,58.88,3.0,South,Apparel,Mobile App,126.0,2026-08-03
2026-08-03,ORD-0803-4759,83.09,1.0,South,Home & Living,In-Store POS,104.0,2026-08-03
2026-08-03,ORD-0803-7626,134.56,1.0,West,Apparel,Online Store,149.0,2026-08-03
2026-08-03,ORD-0803-5078,132.39,4.0,South,Home & Living,Online Store,142.0,2026-08-03
2026-08-03,ORD-0803-8073,125.03,4.0,East,Home & Living,Online Store,143.0,2026-08-03
2026-08-03,ORD-0803-9306,168.71,3.0,East,Health & Beauty,In-Store POS,123.0,2026-08-03
2026-08-03,ORD-0803-3914,385.34,4.0,East,Electronics,Mobile App,100.0,2026-08-03
2026-08-03,ORD-0803-7704,50.42,2.0,East,Home & Living,Online Store,96.0,2026-08-03
2026-08-03,ORD-0803-4266,297.77,4.0,West,Electronics,Mobile App,124.0,2026-08-03
2026-08-03,ORD-0803-1829,155.25,4.0,West,Home & Living,In-Store POS,93.0,2026-08-03
2026-08-03,ORD-0803-4487,59.6,2.0,East,Health & Beauty,In-Store POS,149.0,2026-08-03
2026-08-03,ORD-0803-3739,66.31,4.0,South,Apparel,Online Store,122.0,2026-08-03
2026-08-03,ORD-0803-4773,61.54,2.0,East,Health & Beauty,In-Store POS,149.0,2026-08-03
2026-08-03,ORD-0803-3253,159.85,3.0,West,Apparel,Marketplace,147.0,2026-08-03
2026-08-03,ORD-0803-7117,181.01,4.0,North,Electronics,In-Store POS,117.0,2026-08-03
2026-08-03,ORD-0803-4894,57.08,4.0,West,Home & Living,Mobile App,90.0,2026-08-03
2026-08-03,ORD-0803-1161,172.32,1.0,West,Home & Living,In-Store POS,137.0,2026-08-03
2026-08-04,ORD-0804-7718,102.87,1.0,South,Apparel,In-Store POS,111.0,2026-08-04
2026-08-04,ORD-0804-8428,48.66,4.0,North,Health & Beauty,Mobile App,119.0,2026-08-04
2026-08-04,ORD-0804-8752,88.68,2.0,North,Home & Living,Marketplace,134.0,2026-08-04
2026-08-04,ORD-0804-3056,62.46,1.0,East,Home & Living,Mobile App,85.0,2026-08-04
2026-08-04,ORD-0804-3936,112.11,4.0,North,Apparel,Mobile App,124.0,2026-08-04
2026-08-04,ORD-0804-7490,158.57,4.0,East,Apparel,Marketplace,146.0,2026-08-04
2026-08-04,ORD-0804-2307,219.97,4.0,East,Electronics,Online Store,89.0,2026-08-04
2026-08-04,ORD-0804-8152,157.66,1.0,East,Home & Living,Online Store,82.0,2026-08-04
2026-08-04,ORD-0804-5437,169.18,4.0,North,Apparel,Marketplace,135.0,2026-08-04
2026-08-04,ORD-0804-5307,167.73,3.0,East,Health & Beauty,In-Store POS,116.0,2026-08-04
2026-08-04,ORD-0804-6412,436.93,4.0,North,Electronics,Mobile App,131.0,2026-08-04
2026-08-04,ORD-0804-7362,80.85,3.0,East,Apparel,Online Store,113.0,2026-08-04
2026-08-04,ORD-0804-2527,122.95,1.0,North,Home & Living,Online Store,120.0,2026-08-04
2026-08-04,ORD-0804-8247,135.23,2.0,West,Health & Beauty,Online Store,141.0,2026-08-04
2026-08-04,ORD-0804-8484,81.39,3.0,West,Health & Beauty,Mobile App,132.0,2026-08-04
2026-08-04,ORD-0804-6389,46.03,2.0,West,Apparel,Mobile App,81.0,2026-08-04
2026-08-04,ORD-0804-2546,120.45,4.0,South,Home & Living,Mobile App,105.0,2026-08-04
2026-08-04,ORD-0804-9201,112.04,3.0,West,Apparel,Marketplace,92.0,2026-08-04
2026-08-05,ORD-0805-4374,79.59,2.0,North,Home & Living,Mobile App,98.0,2026-08-05
2026-08-05,ORD-0805-5403,239.19,1.0,South,Electronics,Mobile App,124.0,2026-08-05
2026-08-05,ORD-0805-9890,382.23,4.0,West,Electronics,Online Store,100.0,2026-08-05
2026-08-05,ORD-0805-6118,54.27,4.0,West,Home & Living,Online Store,125.0,2026-08-05
2026-08-05,ORD-0805-1916,131.62,3.0,North,Apparel,Marketplace,142.0,2026-08-05
2026-08-05,ORD-0805-6962,64.1,2.0,West,Home & Living,Marketplace,82.0,2026-08-05
2026-08-05,ORD-0805-3567,142.27,3.0,West,Home & Living,Online Store,136.0,2026-08-05
2026-08-05,ORD-0805-7569,119.93,2.0,South,Health & Beauty,Mobile App,148.0,2026-08-05
2026-08-05,ORD-0805-1834,149.39,1.0,North,Home & Living,Mobile App,131.0,2026-08-05
2026-08-05,ORD-0805-4546,168.53,1.0,East,Health & Beauty,Mobile App,122.0,2026-08-05
2026-08-05,ORD-0805-4886,139.83,2.0,South,Health & Beauty,Mobile App,131.0,2026-08-05
2026-08-05,ORD-0805-5585,140.78,3.0,East,Home & Living,Mobile App,93.0,2026-08-05
2026-08-05,ORD-0805-5819,123.47,3.0,West,Home & Living,Online Store,145.0,2026-08-05
2026-08-05,ORD-0805-4199,111.96,2.0,East,Home & Living,Marketplace,126.0,2026-08-05
2026-08-05,ORD-0805-5325,75.44,4.0,North,Home & Living,Online Store,103.0,2026-08-05
2026-08-05,ORD-0805-2341,34.19,3.0,East,Health & Beauty,In-Store POS,89.0,2026-08-05
2026-08-05,ORD-0805-9264,184.66,4.0,East,Electronics,Marketplace,141.0,2026-08-05
2026-08-05,ORD-0805-4589,131.64,1.0,South,Home & Living,Online Store,139.0,2026-08-05
2026-08-05,ORD-0805-2429,121.96,1.0,West,Health & Beauty,Online Store,103.0,2026-08-05
2026-08-05,ORD-0805-7574,36.86,1.0,East,Health & Beauty,Marketplace,108.0,2026-08-05
2026-08-05,ORD-0805-9863,159.3,4.0,East,Electronics,Marketplace,123.0,2026-08-05
2026-08-05,ORD-0805-9913,127.31,2.0,North,Electronics,Online Store,81.0,2026-08-05
2026-08-05,ORD-0805-5962,178.95,4.0,South,Apparel,Online Store,90.0,2026-08-05
2026-08-05,ORD-0805-4765,77.32,1.0,South,Apparel,In-Store POS,108.0,2026-08-05
2026-08-05,ORD-0805-1231,117.22,3.0,North,Health & Beauty,In-Store POS,106.0,2026-08-05
2026-08-05,ORD-0805-5289,121.51,2.0,East,Home & Living,Marketplace,101.0,2026-08-05
2026-08-06,ORD-0806-9353,107.57,2.0,West,Health & Beauty,In-Store POS,100.0,2026-08-06
2026-08-06,ORD-0806-8040,264.05,2.0,North,Electronics,Online Store,97.0,2026-08-06
2026-08-06,ORD-0806-3141,131.01,4.0,North,Health & Beauty,In-Store POS,82.0,2026-08-06
2026-08-06,ORD-0806-2222,137.84,2.0,South,Home & Living,Online Store,105.0,2026-08-06
2026-08-06,ORD-0806-8209,143.2,3.0,North,Home & Living,Mobile App,80.0,2026-08-06
2026-08-06,ORD-0806-7261,132.37,1.0,South,Home & Living,Online Store,98.0,2026-08-06
2026-08-06,ORD-0806-3757,125.28,3.0,East,Apparel,Mobile App,136.0,2026-08-06
2026-08-06,ORD-0806-5010,127.64,1.0,West,Home & Living,In-Store POS,92.0,2026-08-06
2026-08-06,ORD-0806-7590,118.21,3.0,East,Health & Beauty,In-Store POS,137.0,2026-08-06
2026-08-06,ORD-0806-3987,139.24,1.0,South,Apparel,Marketplace,146.0,2026-08-06
2026-08-06,ORD-0806-6769,44.21,4.0,North,Apparel,Mobile App,113.0,2026-08-06
2026-08-06,ORD-0806-2961,244.69,1.0,East,Electronics,Online Store,85.0,2026-08-06
2026-08-06,ORD-0806-9099,130.05,4.0,West,Apparel,In-Store POS,126.0,2026-08-06
2026-08-06,ORD-0806-2165,90.33,2.0,West,Health & Beauty,Marketplace,95.0,2026-08-06
2026-08-06,ORD-0806-1274,274.89,3.0,East,Electronics,Mobile App,124.0,2026-08-06
2026-08-06,ORD-0806-5204,167.08,4.0,East,Health & Beauty,In-Store POS,117.0,2026-08-06
2026-08-06,ORD-0806-5043,106.52,4.0,East,Health & Beauty,Marketplace,94.0,2026-08-06
2026-08-06,ORD-0806-5026,170.54,3.0,South,Apparel,Marketplace,133.0,2026-08-06
2026-08-06,ORD-0806-1809,56.57,1.0,West,Apparel,Mobile App,101.0,2026-08-06
2026-08-07,ORD-0807-1423,101.44,1.0,North,Health & Beauty,Marketplace,123.0,2026-08-07
2026-08-07,ORD-0807-9510,104.15,3.0,North,Home & Living,Marketplace,137.0,2026-08-07
2026-08-07,ORD-0807-2605,47.0,3.0,South,Home & Living,Online Store,113.0,2026-08-07
2026-08-07,ORD-0807-6425,41.66,2.0,North,Home & Living,Online Store,123.0,2026-08-07
2026-08-07,ORD-0807-5978,135.11,1.0,North,Home & Living,Marketplace,85.0,2026-08-07
2026-08-07,ORD-0807-7957,166.6,4.0,South,Apparel,Mobile App,95.0,2026-08-07
2026-08-07,ORD-0807-3631,172.17,1.0,North,Health & Beauty,Marketplace,136.0,2026-08-07
2026-08-07,ORD-0807-7508,53.31,4.0,North,Health & Beauty,Online Store,127.0,2026-08-07
2026-08-07,ORD-0807-4058,156.23,4.0,North,Apparel,In-Store POS,112.0,2026-08-07
2026-08-07,ORD-0807-6749,145.33,3.0,North,Home & Living,Online Store,107.0,2026-08-07
2026-08-07,ORD-0807-9665,143.18,4.0,South,Apparel,Mobile App,137.0,2026-08-07
2026-08-07,ORD-0807-4229,98.52,1.0,West,Home & Living,Mobile App,135.0,2026-08-07
2026-08-07,ORD-0807-4284,157.94,2.0,South,Home & Living,Marketplace,116.0,2026-08-07
2026-08-07,ORD-0807-6522,103.41,3.0,South,Health & Beauty,In-Store POS,134.0,2026-08-07
2026-08-07,ORD-0807-5845,143.39,2.0,South,Home & Living,Marketplace,147.0,2026-08-07
2026-08-07,ORD-0807-9437,114.7,4.0,West,Home & Living,Marketplace,111.0,2026-08-07
2026-08-07,ORD-0807-1981,161.87,1.0,East,Electronics,Marketplace,104.0,2026-08-07
2026-08-07,ORD-0807-2375,74.37,1.0,East,Electronics,In-Store POS,113.0,2026-08-07
2026-08-07,ORD-0807-5550,130.39,2.0,East,Home & Living,In-Store POS,119.0,2026-08-07
2026-08-07,ORD-0807-2564,77.4,3.0,East,Health & Beauty,Marketplace,124.0,2026-08-07
2026-08-07,ORD-0807-3427,151.29,4.0,West,Apparel,Marketplace,135.0,2026-08-07
2026-08-07,ORD-0807-7581,34.27,2.0,North,Apparel,Online Store,83.0,2026-08-07
2026-08-07,ORD-0807-5037,35.43,4.0,South,Home & Living,In-Store POS,126.0,2026-08-07
2026-08-07,ORD-0807-3043,108.44,3.0,South,Apparel,Marketplace,132.0,2026-08-07
2026-08-07,ORD-0807-8422,127.16,2.0,North,Home & Living,In-Store POS,102.0,2026-08-07
2026-08-07,ORD-0807-8034,126.86,1.0,South,Apparel,In-Store POS,80.0,2026-08-07
2026-08-07,ORD-0807-9935,76.72,3.0,South,Apparel,Online Store,107.0,2026-08-07
2026-08-07,ORD-0807-4818,309.62,3.0,East,Electronics,Online Store,117.0,2026-08-07
2026-08-07,ORD-0807-3621,91.76,1.0,West,Home & Living,Online Store,139.0,2026-08-07
2026-08-07,ORD-0807-3222,25.37,3.0,North,Home & Living,In-Store POS,121.0,2026-08-07
2026-08-07,ORD-0807-7978,175.72,2.0,East,Electronics,Mobile App,122.0,2026-08-07
2026-08-07,ORD-0807-3287,461.45,1.0,East,Electronics,Online Store,98.0,2026-08-07
2026-08-07,ORD-0807-5325,335.8,3.0,North,Electronics,In-Store POS,93.0,2026-08-07
2026-08-07,ORD-0807-8533,107.78,2.0,South,Electronics,Marketplace,86.0,2026-08-07
2026-08-07,ORD-0807-9557,486.36,3.0,South,Electronics,Online Store,109.0,2026-08-07
2026-08-08,ORD-0808-8827,154.54,4.0,North,Electronics,Online Store,112.0,2026-08-08
2026-08-08,ORD-0808-7267,407.47,4.0,West,Electronics,Mobile App,145.0,2026-08-08
2026-08-08,ORD-0808-7952,159.74,3.0,West,Apparel,In-Store POS,114.0,2026-08-08
2026-08-08,ORD-0808-9417,150.09,4.0,West,Health & Beauty,In-Store POS,100.0,2026-08-08
2026-08-08,ORD-0808-1868,138.0,1.0,South,Apparel,Online Store,119.0,2026-08-08
2026-08-08,ORD-0808-1374,79.45,4.0,South,Apparel,In-Store POS,150.0,2026-08-08
2026-08-08,ORD-0808-4358,160.79,4.0,South,Health & Beauty,Marketplace,85.0,2026-08-08
2026-08-08,ORD-0808-6394,381.56,3.0,North,Electronics,Marketplace,111.0,2026-08-08
2026-08-08,ORD-0808-5041,411.76,2.0,West,Electronics,Online Store,142.0,2026-08-08
2026-08-08,ORD-0808-9313,162.74,3.0,West,Electronics,In-Store POS,120.0,2026-08-08
2026-08-08,ORD-0808-5487,97.48,4.0,West,Health & Beauty,In-Store POS,104.0,2026-08-08
2026-08-08,ORD-0808-7414,170.88,2.0,North,Health & Beauty,Mobile App,136.0,2026-08-08
2026-08-08,ORD-0808-8166,35.54,3.0,South,Health & Beauty,Mobile App,106.0,2026-08-08
2026-08-08,ORD-0808-5354,46.98,1.0,West,Health & Beauty,Online Store,89.0,2026-08-08
2026-08-08,ORD-0808-1113,180.71,4.0,West,Electronics,Marketplace,145.0,2026-08-08
2026-08-08,ORD-0808-9509,92.57,3.0,North,Apparel,Mobile App,109.0,2026-08-08
2026-08-08,ORD-0808-6929,192.61,1.0,West,Electronics,Online Store,150.0,2026-08-08
2026-08-08,ORD-0808-2231,51.55,3.0,North,Apparel,Marketplace,131.0,2026-08-08
2026-08-08,ORD-0808-7400,164.14,1.0,South,Home & Living,Marketplace,81.0,2026-08-08
2026-08-08,ORD-0808-2137,62.61,4.0,West,Home & Living,Online Store,115.0,2026-08-08
2026-08-08,ORD-0808-2131,506.78,2.0,East,Electronics,Marketplace,144.0,2026-08-08
2026-08-08,ORD-0808-9554,97.94,2.0,West,Apparel,Online Store,95.0,2026-08-08
2026-08-08,ORD-0808-4581,204.0,2.0,West,Electronics,Marketplace,120.0,2026-08-08
2026-08-08,ORD-0808-8427,113.65,3.0,South,Electronics,Online Store,120.0,2026-08-08
2026-08-08,ORD-0808-3744,129.48,2.0,North,Home & Living,In-Store POS,146.0,2026-08-08
2026-08-08,ORD-0808-1556,148.87,3.0,North,Apparel,Mobile App,96.0,2026-08-08
2026-08-08,ORD-0808-8177,158.71,3.0,East,Apparel,Mobile App,84.0,2026-08-08
2026-08-08,ORD-0808-4869,150.92,2.0,East,Health & Beauty,Mobile App,139.0,2026-08-08
2026-08-08,ORD-0808-7993,150.34,2.0,East,Health & Beauty,Mobile App,140.0,2026-08-08
2026-08-08,ORD-0808-6839,143.32,1.0,West,Health & Beauty,Marketplace,97.0,2026-08-08
2026-08-08,ORD-0808-9102,92.62,3.0,South,Home & Living,Mobile App,122.0,2026-08-08
2026-08-08,ORD-0808-2855,45.47,1.0,East,Health & Beauty,Mobile App,84.0,2026-08-08
2026-08-08,ORD-0808-1810,119.92,2.0,North,Apparel,Mobile App,124.0,2026-08-08
2026-08-08,ORD-0808-5619,42.5,2.0,West,Home & Living,Online Store,141.0,2026-08-08
2026-08-08,ORD-0808-5050,173.58,3.0,South,Home & Living,Online Store,135.0,2026-08-08
2026-08-08,ORD-0808-7352,169.86,2.0,East,Health & Beauty,Online Store,91.0,2026-08-08
2026-08-08,ORD-0808-1545,134.28,4.0,West,Home & Living,Online Store,144.0,2026-08-08
2026-08-08,ORD-0808-6622,25.35,4.0,East,Apparel,In-Store POS,101.0,2026-08-08
2026-08-08,ORD-0808-9083,268.28,3.0,North,Electronics,Marketplace,125.0,2026-08-08
2026-08-08,ORD-0808-2604,26.52,3.0,East,Home & Living,Mobile App,82.0,2026-08-08
2026-08-09,ORD-0809-6824,173.84,3.0,North,Health & Beauty,In-Store POS,126.0,2026-08-09
2026-08-09,ORD-0809-2603,167.75,4.0,West,Apparel,In-Store POS,143.0,2026-08-09
2026-08-09,ORD-0809-1866,82.46,4.0,East,Apparel,Marketplace,101.0,2026-08-09
2026-08-09,ORD-0809-6471,48.37,4.0,West,Health & Beauty,Marketplace,88.0,2026-08-09
2026-08-09,ORD-0809-2679,92.2,3.0,West,Home & Living,Online Store,91.0,2026-08-09
2026-08-09,ORD-0809-4398,50.64,1.0,South,Health & Beauty,Mobile App,106.0,2026-08-09
2026-08-09,ORD-0809-6584,330.36,3.0,East,Electronics,Mobile App,131.0,2026-08-09
2026-08-09,ORD-0809-7516,138.28,3.0,North,Apparel,Mobile App,105.0,2026-08-09
2026-08-09,ORD-0809-6959,225.66,3.0,North,Electronics,Online Store,95.0,2026-08-09
2026-08-09,ORD-0809-9675,54.7,2.0,North,Apparel,Online Store,111.0,2026-08-09
2026-08-09,ORD-0809-1088,136.18,3.0,North,Health & Beauty,Mobile App,109.0,2026-08-09
2026-08-09,ORD-0809-7364,39.61,3.0,North,Home & Living,In-Store POS,114.0,2026-08-09
2026-08-09,ORD-0809-4324,29.24,4.0,North,Apparel,In-Store POS,126.0,2026-08-09
2026-08-09,ORD-0809-9609,166.76,4.0,East,Electronics,Marketplace,117.0,2026-08-09
2026-08-09,ORD-0809-9651,71.33,4.0,West,Health & Beauty,Marketplace,84.0,2026-08-09
2026-08-09,ORD-0809-8735,100.76,1.0,East,Apparel,Online Store,103.0,2026-08-09
2026-08-09,ORD-0809-2674,378.66,1.0,East,Electronics,Online Store,122.0,2026-08-09
2026-08-09,ORD-0809-8355,27.02,1.0,North,Home & Living,Online Store,113.0,2026-08-09
2026-08-09,ORD-0809-3347,107.35,2.0,West,Home & Living,In-Store POS,124.0,2026-08-09
2026-08-09,ORD-0809-7205,129.08,3.0,South,Electronics,Online Store,143.0,2026-08-09
2026-08-09,ORD-0809-9095,481.9,4.0,South,Electronics,Marketplace,86.0,2026-08-09
2026-08-09,ORD-0809-3335,57.91,4.0,West,Health & Beauty,Online Store,92.0,2026-08-09
2026-08-09,ORD-0809-9465,80.51,3.0,West,Health & Beauty,In-Store POS,91.0,2026-08-09
2026-08-09,ORD-0809-4017,119.9,4.0,South,Electronics,In-Store POS,144.0,2026-08-09
2026-08-09,ORD-0809-1540,217.14,4.0,North,Electronics,Marketplace,124.0,2026-08-09
2026-08-09,ORD-0809-3962,34.7,1.0,East,Home & Living,Mobile App,108.0,2026-08-09
2026-08-09,ORD-0809-3877,170.72,4.0,West,Health & Beauty,Mobile App,80.0,2026-08-09
2026-08-09,ORD-0809-5807,127.61,4.0,East,Electronics,Online Store,136.0,2026-08-09
2026-08-09,ORD-0809-9963,156.18,3.0,West,Health & Beauty,In-Store POS,92.0,2026-08-09
2026-08-09,ORD-0809-2846,124.41,1.0,West,Health & Beauty,In-Store POS,142.0,2026-08-09
2026-08-09,ORD-0809-4498,164.37,3.0,West,Apparel,Marketplace,88.0,2026-08-09
2026-08-09,ORD-0809-2295,129.02,3.0,South,Apparel,Mobile App,91.0,2026-08-09
2026-08-09,ORD-0809-1419,148.72,1.0,South,Apparel,In-Store POS,121.0,2026-08-09
2026-08-10,ORD-0810-1302,194.79,2.0,South,Electronics,Marketplace,140.0,2026-08-10
2026-08-10,ORD-0810-5074,106.65,4.0,East,Health & Beauty,Mobile App,126.0,2026-08-10
2026-08-10,ORD-0810-3340,74.74,2.0,North,Electronics,Mobile App,144.0,2026-08-10
2026-08-10,ORD-0810-8811,92.15,4.0,East,Health & Beauty,In-Store POS,87.0,2026-08-10
2026-08-10,ORD-0810-1550,31.17,2.0,East,Apparel,In-Store POS,139.0,2026-08-10
2026-08-10,ORD-0810-8648,31.41,2.0,South,Health & Beauty,Marketplace,106.0,2026-08-10
2026-08-10,ORD-0810-4846,169.25,3.0,East,Health & Beauty,Online Store,121.0,2026-08-10
2026-08-10,ORD-0810-7116,156.45,2.0,West,Health & Beauty,Mobile App,147.0,2026-08-10
2026-08-10,ORD-0810-7030,83.04,2.0,South,Health & Beauty,In-Store POS,115.0,2026-08-10
2026-08-10,ORD-0810-8075,158.96,4.0,East,Home & Living,Marketplace,99.0,2026-08-10
2026-08-10,ORD-0810-8547,88.3,3.0,East,Home & Living,Online Store,141.0,2026-08-10
2026-08-10,ORD-0810-1543,262.32,1.0,West,Electronics,Marketplace,112.0,2026-08-10
2026-08-10,ORD-0810-1967,53.3,4.0,North,Health & Beauty,Marketplace,141.0,2026-08-10
2026-08-10,ORD-0810-1619,164.36,3.0,East,Electronics,Mobile App,143.0,2026-08-10
2026-08-10,ORD-0810-6895,223.73,2.0,North,Electronics,In-Store POS,120.0,2026-08-10
2026-08-10,ORD-0810-1875,150.8,3.0,West,Electronics,In-Store POS,128.0,2026-08-10
2026-08-10,ORD-0810-8872,107.84,2.0,West,Apparel,Online Store,137.0,2026-08-10
2026-08-10,ORD-0810-6587,84.98,2.0,North,Home & Living,Online Store,149.0,2026-08-10
2026-08-10,ORD-0810-2755,37.99,2.0,East,Home & Living,Online Store,80.0,2026-08-10
2026-08-10,ORD-0810-8499,383.1,3.0,West,Electronics,In-Store POS,87.0,2026-08-10
2026-08-10,ORD-0810-1344,46.7,3.0,East,Apparel,Online Store,137.0,2026-08-10
2026-08-10,ORD-0810-7513,158.44,3.0,East,Health & Beauty,Mobile App,144.0,2026-08-10
2026-08-10,ORD-0810-9192,148.77,3.0,East,Apparel,In-Store POS,101.0,2026-08-10
2026-08-10,ORD-0810-3462,123.0,1.0,East,Health & Beauty,In-Store POS,116.0,2026-08-10
2026-08-10,ORD-0810-3045,143.7,2.0,West,Home & Living,In-Store POS,135.0,2026-08-10
2026-08-10,ORD-0810-6980,116.69,2.0,South,Health & Beauty,Online Store,123.0,2026-08-10
2026-08-10,ORD-0810-3450,77.11,2.0,North,Home & Living,Mobile App,110.0,2026-08-10
2026-08-10,ORD-0810-2453,146.67,4.0,West,Apparel,Marketplace,111.0,2026-08-10
2026-08-10,ORD-0810-5320,46.17,3.0,West,Home & Living,Marketplace,118.0,2026-08-10
2026-08-10,ORD-0810-4814,353.34,3.0,West,Electronics,In-Store POS,88.0,2026-08-10
2026-08-11,ORD-0811-3200,142.51,2.0,West,Health & Beauty,In-Store POS,109.0,2026-08-11
2026-08-11,ORD-0811-4120,328.88,1.0,South,Electronics,Mobile App,109.0,2026-08-11
2026-08-11,ORD-0811-5136,367.82,1.0,East,Electronics,In-Store POS,101.0,2026-08-11
2026-08-11,ORD-0811-7744,329.35,3.0,West,Electronics,Marketplace,125.0,2026-08-11
2026-08-11,ORD-0811-5932,92.72,4.0,East,Apparel,In-Store POS,109.0,2026-08-11
2026-08-11,ORD-0811-6260,595.34,1.0,East,Electronics,In-Store POS,90.0,2026-08-11
2026-08-11,ORD-0811-3973,167.55,1.0,North,Home & Living,In-Store POS,116.0,2026-08-11
2026-08-11,ORD-0811-2251,207.83,1.0,South,Electronics,Mobile App,85.0,2026-08-11
2026-08-11,ORD-0811-3617,74.83,2.0,East,Apparel,Marketplace,120.0,2026-08-11
2026-08-11,ORD-0811-8721,324.56,4.0,West,Electronics,Mobile App,143.0,2026-08-11
2026-08-11,ORD-0811-3010,41.26,2.0,South,Apparel,Online Store,112.0,2026-08-11
2026-08-11,ORD-0811-6121,125.93,3.0,North,Apparel,Online Store,122.0,2026-08-11
2026-08-11,ORD-0811-5615,119.43,4.0,North,Apparel,Online Store,127.0,2026-08-11
2026-08-11,ORD-0811-8489,347.45,4.0,West,Electronics,In-Store POS,116.0,2026-08-11
2026-08-11,ORD-0811-2471,143.78,3.0,South,Electronics,In-Store POS,129.0,2026-08-11
2026-08-11,ORD-0811-8873,68.13,3.0,West,Health & Beauty,Online Store,80.0,2026-08-11
2026-08-12,ORD-0812-1819,56.64,1.0,North,Health & Beauty,Mobile App,118.0,2026-08-12
2026-08-12,ORD-0812-5135,27.29,1.0,North,Home & Living,Mobile App,101.0,2026-08-12
2026-08-12,ORD-0812-9337,144.41,4.0,East,Apparel,In-Store POS,139.0,2026-08-12
2026-08-12,ORD-0812-3728,40.6,2.0,East,Home & Living,Marketplace,147.0,2026-08-12
2026-08-12,ORD-0812-6803,461.52,3.0,North,Electronics,Mobile App,141.0,2026-08-12
2026-08-12,ORD-0812-6262,96.09,4.0,South,Health & Beauty,In-Store POS,87.0,2026-08-12
2026-08-12,ORD-0812-6912,112.7,3.0,West,Health & Beauty,Online Store,117.0,2026-08-12
2026-08-12,ORD-0812-1911,279.46,2.0,West,Electronics,Mobile App,80.0,2026-08-12
2026-08-12,ORD-0812-6137,240.62,4.0,West,Electronics,Online Store,150.0,2026-08-12
2026-08-12,ORD-0812-6957,143.76,1.0,East,Health & Beauty,In-Store POS,101.0,2026-08-12
2026-08-12,ORD-0812-8596,89.8,3.0,West,Apparel,Mobile App,83.0,2026-08-12
2026-08-12,ORD-0812-6280,75.08,4.0,West,Home & Living,Marketplace,98.0,2026-08-12
2026-08-12,ORD-0812-1974,145.45,3.0,South,Home & Living,Marketplace,125.0,2026-08-12
2026-08-12,ORD-0812-7092,379.51,3.0,West,Electronics,Mobile App,89.0,2026-08-12
2026-08-12,ORD-0812-1903,48.99,3.0,West,Home & Living,Online Store,100.0,2026-08-12
2026-08-12,ORD-0812-5627,29.15,4.0,West,Apparel,Marketplace,92.0,2026-08-12
2026-08-13,ORD-0813-6939,106.55,4.0,East,Health & Beauty,Mobile App,104.0,2026-08-13
2026-08-13,ORD-0813-5913,89.6,4.0,South,Home & Living,Marketplace,91.0,2026-08-13
2026-08-13,ORD-0813-5086,57.94,2.0,North,Apparel,In-Store POS,110.0,2026-08-13
2026-08-13,ORD-0813-9273,158.53,1.0,West,Home & Living,Online Store,143.0,2026-08-13
2026-08-13,ORD-0813-6740,70.79,3.0,South,Home & Living,In-Store POS,137.0,2026-08-13
2026-08-13,ORD-0813-2565,118.65,2.0,East,Home & Living,Marketplace,127.0,2026-08-13
2026-08-13,ORD-0813-1116,58.09,3.0,East,Home & Living,Marketplace,105.0,2026-08-13
2026-08-13,ORD-0813-1178,167.95,2.0,North,Apparel,In-Store POS,114.0,2026-08-13
2026-08-13,ORD-0813-3715,203.2,3.0,East,Electronics,Online Store,80.0,2026-08-13
2026-08-13,ORD-0813-1339,79.51,2.0,West,Health & Beauty,In-Store POS,101.0,2026-08-13
2026-08-13,ORD-0813-8045,96.56,4.0,South,Home & Living,Mobile App,119.0,2026-08-13
2026-08-13,ORD-0813-2349,105.53,1.0,North,Home & Living,Online Store,135.0,2026-08-13
2026-08-13,ORD-0813-9738,161.17,4.0,South,Home & Living,Mobile App,150.0,2026-08-13
2026-08-13,ORD-0813-7891,123.93,2.0,South,Health & Beauty,In-Store POS,150.0,2026-08-13
2026-08-13,ORD-0813-7226,121.41,3.0,North,Apparel,Mobile App,85.0,2026-08-13
2026-08-13,ORD-0813-1415,34.02,4.0,West,Apparel,Marketplace,139.0,2026-08-13
2026-08-13,ORD-0813-4025,144.75,4.0,West,Home & Living,Marketplace,115.0,2026-08-13
2026-08-13,ORD-0813-8501,69.42,4.0,South,Home & Living,Marketplace,114.0,2026-08-13
2026-08-14,ORD-0814-4779,119.29,4.0,East,Electronics,Marketplace,105.0,2026-08-14
2026-08-14,ORD-0814-4693,71.61,3.0,North,Home & Living,Mobile App,143.0,2026-08-14
2026-08-14,ORD-0814-8894,147.29,4.0,East,Electronics,Marketplace,92.0,2026-08-14
2026-08-14,ORD-0814-9290,52.66,4.0,East,Apparel,Mobile App,120.0,2026-08-14
2026-08-14,ORD-0814-6579,218.57,3.0,North,Electronics,Mobile App,109.0,2026-08-14
2026-08-14,ORD-0814-1796,47.43,4.0,South,Health & Beauty,Online Store,148.0,2026-08-14
2026-08-14,ORD-0814-4520,44.16,4.0,East,Apparel,Marketplace,113.0,2026-08-14
2026-08-14,ORD-0814-4532,105.03,2.0,West,Apparel,Mobile App,89.0,2026-08-14
2026-08-14,ORD-0814-8597,121.78,2.0,North,Health & Beauty,In-Store POS,142.0,2026-08-14
2026-08-14,ORD-0814-7370,147.01,1.0,North,Apparel,Mobile App,93.0,2026-08-14
2026-08-14,ORD-0814-1942,525.2,2.0,West,Electronics,Online Store,138.0,2026-08-14
2026-08-14,ORD-0814-6615,28.49,3.0,South,Apparel,Mobile App,136.0,2026-08-14
2026-08-14,ORD-0814-1813,178.12,3.0,North,Home & Living,Marketplace,93.0,2026-08-14
2026-08-14,ORD-0814-5248,75.87,3.0,West,Health & Beauty,In-Store POS,109.0,2026-08-14
2026-08-14,ORD-0814-5571,251.74,3.0,South,Electronics,Online Store,115.0,2026-08-14
2026-08-14,ORD-0814-4130,141.49,3.0,South,Electronics,In-Store POS,110.0,2026-08-14
2026-08-14,ORD-0814-5430,45.34,2.0,West,Health & Beauty,Mobile App,81.0,2026-08-14
2026-08-14,ORD-0814-6766,174.46,1.0,South,Apparel,Marketplace,126.0,2026-08-14
2026-08-14,ORD-0814-8638,177.8,3.0,North,Apparel,In-Store POS,143.0,2026-08-14
2026-08-14,ORD-0814-3635,73.59,3.0,East,Home & Living,Marketplace,123.0,2026-08-14
2026-08-14,ORD-0814-5273,138.72,2.0,West,Home & Living,Marketplace,110.0,2026-08-14
2026-08-14,ORD-0814-4329,152.55,2.0,West,Home & Living,In-Store POS,107.0,2026-08-14
2026-08-14,ORD-0814-8771,158.7,1.0,South,Home & Living,Marketplace,132.0,2026-08-14
2026-08-14,ORD-0814-3990,32.19,2.0,North,Apparel,Online Store,128.0,2026-08-14
2026-08-14,ORD-0814-6372,28.29,2.0,South,Apparel,Online Store,144.0,2026-08-14
2026-08-14,ORD-0814-4574,109.03,2.0,East,Electronics,Marketplace,87.0,2026-08-14
2026-08-14,ORD-0814-4915,129.98,2.0,West,Home & Living,Mobile App,117.0,2026-08-14
2026-08-14,ORD-0814-2045,465.99,3.0,South,Electronics,Marketplace,122.0,2026-08-14
2026-08-14,ORD-0814-6729,140.48,4.0,North,Health & Beauty,Marketplace,133.0,2026-08-14
2026-08-14,ORD-0814-8694,193.68,3.0,East,Electronics,In-Store POS,133.0,2026-08-14
2026-08-14,ORD-0814-5301,69.67,2.0,South,Home & Living,Online Store,126.0,2026-08-14
2026-08-14,ORD-0814-8873,76.31,4.0,East,Electronics,In-Store POS,85.0,2026-08-14
2026-08-14,ORD-0814-3399,465.81,3.0,North,Electronics,Online Store,139.0,2026-08-14
2026-08-14,ORD-0814-8392,115.69,3.0,West,Apparel,In-Store POS,86.0,2026-08-14
2026-08-14,ORD-0814-1435,201.37,3.0,South,Electronics,Marketplace,85.0,2026-08-14
2026-08-14,ORD-0814-7157,44.2,3.0,East,Health & Beauty,Mobile App,131.0,2026-08-14
2026-08-14,ORD-0814-5049,144.41,1.0,South,Home & Living,In-Store POS,148.0,2026-08-14
2026-08-15,ORD-0815-4597,307.27,1.0,North,Electronics,Marketplace,106.0,2026-08-15
2026-08-15,ORD-0815-4447,171.09,1.0,West,Home & Living,Online Store,143.0,2026-08-15
2026-08-15,ORD-0815-4162,446.93,4.0,West,Electronics,Online Store,117.0,2026-08-15
2026-08-15,ORD-0815-9091,29.31,2.0,North,Apparel,Mobile App,129.0,2026-08-15
2026-08-15,ORD-0815-1484,156.94,1.0,South,Apparel,Mobile App,142.0,2026-08-15
2026-08-15,ORD-0815-9840,50.54,1.0,North,Health & Beauty,Mobile App,86.0,2026-08-15
2026-08-15,ORD-0815-5057,111.17,1.0,West,Apparel,Online Store,131.0,2026-08-15
2026-08-15,ORD-0815-8878,19.63,3.0,East,Home & Living,Mobile App,127.0,2026-08-15
2026-08-15,ORD-0815-2010,140.52,1.0,North,Home & Living,In-Store POS,142.0,2026-08-15
2026-08-15,ORD-0815-5410,149.52,1.0,North,Health & Beauty,Marketplace,127.0,2026-08-15
2026-08-15,ORD-0815-8473,104.32,3.0,North,Apparel,In-Store POS,135.0,2026-08-15
2026-08-15,ORD-0815-6464,131.71,2.0,North,Apparel,Mobile App,132.0,2026-08-15
2026-08-15,ORD-0815-6864,69.82,3.0,North,Health & Beauty,In-Store POS,128.0,2026-08-15
2026-08-15,ORD-0815-5069,165.7,3.0,North,Home & Living,Mobile App,104.0,2026-08-15
2026-08-15,ORD-0815-1754,327.57,1.0,South,Electronics,In-Store POS,134.0,2026-08-15
2026-08-15,ORD-0815-2427,27.67,1.0,South,Home & Living,Mobile App,114.0,2026-08-15
2026-08-15,ORD-0815-9703,149.55,4.0,South,Health & Beauty,Marketplace,133.0,2026-08-15
2026-08-15,ORD-0815-9808,88.54,4.0,West,Health & Beauty,Online Store,94.0,2026-08-15
2026-08-15,ORD-0815-4321,56.89,4.0,South,Home & Living,In-Store POS,130.0,2026-08-15
2026-08-15,ORD-0815-7893,158.38,2.0,West,Home & Living,Mobile App,82.0,2026-08-15
2026-08-15,ORD-0815-8168,113.12,1.0,South,Home & Living,Mobile App,131.0,2026-08-15
2026-08-15,ORD-0815-5273,78.07,2.0,South,Apparel,Mobile App,150.0,2026-08-15
2026-08-15,ORD-0815-2941,115.36,1.0,North,Electronics,Marketplace,103.0,2026-08-15
2026-08-15,ORD-0815-9145,28.27,1.0,East,Home & Living,Mobile App,131.0,2026-08-15
2026-08-15,ORD-0815-9850,55.66,1.0,West,Apparel,Online Store,144.0,2026-08-15
2026-08-15,ORD-0815-6243,42.39,1.0,East,Apparel,Mobile App,91.0,2026-08-15
2026-08-15,ORD-0815-7039,92.14,3.0,South,Home & Living,In-Store POS,135.0,2026-08-15
2026-08-15,ORD-0815-5465,37.81,2.0,North,Apparel,Online Store,134.0,2026-08-15
2026-08-16,ORD-0816-1633,60.19,3.0,North,Health & Beauty,Online Store,98.0,2026-08-16
2026-08-16,ORD-0816-2242,230.47,3.0,North,Electronics,Marketplace,89.0,2026-08-16
2026-08-16,ORD-0816-3073,35.24,1.0,East,Health & Beauty,Online Store,145.0,2026-08-16
2026-08-16,ORD-0816-4181,424.47,1.0,West,Electronics,In-Store POS,145.0,2026-08-16
2026-08-16,ORD-0816-8612,203.79,4.0,East,Electronics,Marketplace,150.0,2026-08-16
2026-08-16,ORD-0816-1921,41.94,4.0,South,Health & Beauty,Mobile App,149.0,2026-08-16
2026-08-16,ORD-0816-7835,70.35,1.0,East,Apparel,Mobile App,123.0,2026-08-16
2026-08-16,ORD-0816-9787,174.25,4.0,North,Electronics,Mobile App,94.0,2026-08-16
2026-08-16,ORD-0816-7158,198.19,4.0,South,Electronics,Online Store,123.0,2026-08-16
2026-08-16,ORD-0816-9728,31.48,1.0,East,Apparel,Online Store,99.0,2026-08-16
2026-08-16,ORD-0816-8182,103.5,3.0,West,Home & Living,In-Store POS,96.0,2026-08-16
2026-08-16,ORD-0816-7510,47.2,2.0,East,Apparel,Online Store,129.0,2026-08-16
2026-08-16,ORD-0816-1139,138.11,1.0,North,Apparel,In-Store POS,120.0,2026-08-16
2026-08-16,ORD-0816-3801,45.91,4.0,East,Electronics,In-Store POS,93.0,2026-08-16
2026-08-16,ORD-0816-3405,136.76,3.0,North,Home & Living,Mobile App,109.0,2026-08-16
2026-08-16,ORD-0816-1173,124.69,4.0,West,Health & Beauty,Online Store,126.0,2026-08-16
2026-08-16,ORD-0816-3133,77.34,1.0,East,Health & Beauty,In-Store POS,95.0,2026-08-16
2026-08-16,ORD-0816-1170,33.62,4.0,North,Home & Living,In-Store POS,123.0,2026-08-16
2026-08-16,ORD-0816-9129,75.83,1.0,West,Home & Living,In-Store POS,90.0,2026-08-16
2026-08-16,ORD-0816-4600,40.69,4.0,North,Health & Beauty,Online Store,106.0,2026-08-16
2026-08-16,ORD-0816-7104,55.02,3.0,East,Health & Beauty,Mobile App,108.0,2026-08-16
2026-08-16,ORD-0816-4577,27.85,2.0,West,Apparel,Online Store,127.0,2026-08-16
2026-08-16,ORD-0816-5529,27.19,2.0,East,Health & Beauty,In-Store POS,103.0,2026-08-16
2026-08-16,ORD-0816-3081,113.33,4.0,North,Apparel,Online Store,122.0,2026-08-16
2026-08-16,ORD-0816-8370,255.82,2.0,South,Electronics,Marketplace,149.0,2026-08-16
2026-08-16,ORD-0816-6497,33.58,3.0,South,Home & Living,Online Store,85.0,2026-08-16
2026-08-16,ORD-0816-3363,129.89,3.0,South,Home & Living,Online Store,119.0,2026-08-16
2026-08-16,ORD-0816-3926,13.61,4.0,East,Apparel,Mobile App,98.0,2026-08-16
2026-08-16,ORD-0816-6232,27.47,4.0,East,Home & Living,In-Store POS,125.0,2026-08-16
2026-08-16,ORD-0816-9215,128.72,1.0,North,Apparel,Online Store,93.0,2026-08-16
2026-08-16,ORD-0816-2410,115.28,4.0,South,Electronics,Online Store,96.0,2026-08-16
2026-08-16,ORD-0816-8994,118.57,1.0,South,Home & Living,Marketplace,89.0,2026-08-16
2026-08-16,ORD-0816-6870,63.56,3.0,East,Health & Beauty,Marketplace,84.0,2026-08-16
2026-08-16,ORD-0816-8203,144.36,4.0,North,Electronics,In-Store POS,141.0,2026-08-16
2026-08-16,ORD-0816-3411,37.5,3.0,North,Apparel,Marketplace,104.0,2026-08-16
2026-08-16,ORD-0816-4402,173.15,4.0,West,Apparel,Mobile App,139.0,2026-08-16
2026-08-16,ORD-0816-9810,76.25,3.0,South,Home & Living,In-Store POS,135.0,2026-08-16
2026-08-16,ORD-0816-2161,293.61,3.0,West,Electronics,In-Store POS,120.0,2026-08-16
2026-08-16,ORD-0816-8939,203.07,3.0,South,Electronics,Marketplace,118.0,2026-08-16
2026-08-16,ORD-0816-3420,109.87,4.0,South,Health & Beauty,Online Store,86.0,2026-08-16
2026-08-17,ORD-0817-9940,165.51,1.0,South,Apparel,Mobile App,112.0,2026-08-17
2026-08-17,ORD-0817-1937,65.79,4.0,North,Apparel,Mobile App,85.0,2026-08-17
2026-08-17,ORD-0817-3432,144.59,4.0,South,Home & Living,Mobile App,127.0,2026-08-17
2026-08-17,ORD-0817-6853,79.29,1.0,East,Apparel,Online Store,110.0,2026-08-17
2026-08-17,ORD-0817-8040,26.37,3.0,East,Home & Living,Online Store,86.0,2026-08-17
2026-08-17,ORD-0817-7613,93.76,1.0,West,Health & Beauty,Online Store,144.0,2026-08-17
2026-08-17,ORD-0817-8196,26.16,4.0,West,Health & Beauty,Marketplace,94.0,2026-08-17
2026-08-17,ORD-0817-4543,175.06,2.0,West,Electronics,Online Store,149.0,2026-08-17
2026-08-17,ORD-0817-4223,34.41,1.0,East,Apparel,Marketplace,145.0,2026-08-17
2026-08-17,ORD-0817-3894,39.71,2.0,West,Apparel,Marketplace,80.0,2026-08-17
2026-08-17,ORD-0817-9839,36.63,2.0,South,Home & Living,Marketplace,89.0,2026-08-17
2026-08-17,ORD-0817-4068,91.87,1.0,West,Apparel,Online Store,138.0,2026-08-17
2026-08-17,ORD-0817-5990,88.82,3.0,East,Electronics,Marketplace,87.0,2026-08-17
2026-08-17,ORD-0817-6667,113.24,1.0,North,Health & Beauty,In-Store POS,116.0,2026-08-17
2026-08-17,ORD-0817-4694,95.01,4.0,South,Apparel,Online Store,138.0,2026-08-17
2026-08-17,ORD-0817-4908,51.23,3.0,East,Home & Living,Online Store,129.0,2026-08-17
2026-08-17,ORD-0817-3873,75.86,3.0,North,Health & Beauty,In-Store POS,126.0,2026-08-17
2026-08-17,ORD-0817-6922,103.18,1.0,West,Apparel,Mobile App,139.0,2026-08-17
2026-08-17,ORD-0817-4279,114.02,3.0,West,Health & Beauty,Online Store,93.0,2026-08-17
2026-08-17,ORD-0817-8103,31.01,1.0,East,Home & Living,In-Store POS,81.0,2026-08-17
2026-08-17,ORD-0817-9166,179.61,2.0,West,Electronics,Online Store,121.0,2026-08-17
2026-08-17,ORD-0817-9553,176.07,2.0,South,Health & Beauty,Mobile App,103.0,2026-08-17
2026-08-17,ORD-0817-8099,68.57,1.0,East,Electronics,Online Store,134.0,2026-08-17
2026-08-17,ORD-0817-1071,52.0,2.0,North,Apparel,Marketplace,87.0,2026-08-17
2026-08-17,ORD-0817-7880,305.04,2.0,West,Electronics,In-Store POS,108.0,2026-08-17
2026-08-17,ORD-0817-9448,27.57,2.0,West,Home & Living,Online Store,126.0,2026-08-17
2026-08-17,ORD-0817-2405,31.31,1.0,North,Home & Living,Online Store,108.0,2026-08-17
2026-08-17,ORD-0817-6226,151.47,4.0,North,Apparel,Marketplace,137.0,2026-08-17
2026-08-18,ORD-0818-2560,112.8,3.0,South,Apparel,In-Store POS,84.0,2026-08-18
2026-08-18,ORD-0818-8193,210.4,4.0,South,Electronics,In-Store POS,128.0,2026-08-18
2026-08-18,ORD-0818-6642,80.27,4.0,East,Apparel,Mobile App,93.0,2026-08-18
2026-08-18,ORD-0818-6132,87.96,2.0,East,Health & Beauty,Mobile App,101.0,2026-08-18
2026-08-18,ORD-0818-2067,167.92,4.0,East,Home & Living,Online Store,144.0,2026-08-18
2026-08-18,ORD-0818-7390,81.87,2.0,North,Electronics,Online Store,82.0,2026-08-18
2026-08-18,ORD-0818-4979,306.51,1.0,East,Electronics,Online Store,128.0,2026-08-18
2026-08-18,ORD-0818-1162,69.57,1.0,South,Home & Living,Mobile App,125.0,2026-08-18
2026-08-18,ORD-0818-2609,28.86,3.0,South,Apparel,Online Store,138.0,2026-08-18
2026-08-18,ORD-0818-3183,45.81,4.0,West,Apparel,Mobile App,103.0,2026-08-18
2026-08-18,ORD-0818-9727,48.66,4.0,West,Apparel,Marketplace,133.0,2026-08-18
2026-08-18,ORD-0818-6444,100.95,4.0,West,Apparel,In-Store POS,142.0,2026-08-18
2026-08-18,ORD-0818-9489,52.75,3.0,East,Home & Living,Online Store,135.0,2026-08-18
2026-08-18,ORD-0818-9427,138.85,1.0,West,Health & Beauty,In-Store POS,107.0,2026-08-18
2026-08-18,ORD-0818-6951,178.34,2.0,North,Electronics,Online Store,113.0,2026-08-18
2026-08-19,ORD-0819-4930,35.45,2.0,North,Health & Beauty,Mobile App,87.0,2026-08-19
2026-08-19,ORD-0819-3024,118.07,1.0,North,Home & Living,Online Store,116.0,2026-08-19
2026-08-19,ORD-0819-3039,168.45,4.0,North,Apparel,Mobile App,105.0,2026-08-19
2026-08-19,ORD-0819-2578,343.88,3.0,West,Electronics,Mobile App,144.0,2026-08-19
2026-08-19,ORD-0819-9864,92.64,2.0,North,Health & Beauty,In-Store POS,137.0,2026-08-19
2026-08-19,ORD-0819-4212,36.95,2.0,East,Apparel,Marketplace,133.0,2026-08-19
2026-08-19,ORD-0819-3271,55.24,1.0,East,Home & Living,In-Store POS,99.0,2026-08-19
2026-08-19,ORD-0819-4786,56.82,2.0,South,Apparel,Mobile App,114.0,2026-08-19
2026-08-19,ORD-0819-4693,102.77,4.0,North,Electronics,In-Store POS,136.0,2026-08-19
2026-08-19,ORD-0819-3847,97.85,4.0,West,Apparel,Online Store,107.0,2026-08-19
2026-08-19,ORD-0819-7736,53.79,3.0,East,Home & Living,Mobile App,94.0,2026-08-19
2026-08-19,ORD-0819-7708,167.14,4.0,South,Apparel,In-Store POS,128.0,2026-08-19
2026-08-19,ORD-0819-5194,138.77,1.0,East,Home & Living,In-Store POS,109.0,2026-08-19
2026-08-19,ORD-0819-3668,81.54,2.0,South,Apparel,Marketplace,111.0,2026-08-19
2026-08-19,ORD-0819-6511,163.12,1.0,West,Health & Beauty,Online Store,82.0,2026-08-19
2026-08-19,ORD-0819-5741,67.61,4.0,North,Health & Beauty,Marketplace,93.0,2026-08-19
2026-08-19,ORD-0819-2983,122.49,2.0,South,Apparel,Marketplace,143.0,2026-08-19
2026-08-19,ORD-0819-9427,104.3,1.0,South,Home & Living,In-Store POS,106.0,2026-08-19
2026-08-19,ORD-0819-6533,67.64,1.0,East,Apparel,Online Store,146.0,2026-08-19
2026-08-19,ORD-0819-7703,407.65,1.0,East,Electronics,Marketplace,85.0,2026-08-19
2026-08-19,ORD-0819-5961,95.34,4.0,South,Electronics,In-Store POS,120.0,2026-08-19
2026-08-19,ORD-0819-2934,145.91,2.0,West,Home & Living,Mobile App,94.0,2026-08-19
2026-08-19,ORD-0819-3538,296.46,3.0,East,Electronics,Mobile App,137.0,2026-08-19
2026-08-20,ORD-0820-6821,28.41,3.0,West,Apparel,In-Store POS,149.0,2026-08-20
2026-08-20,ORD-0820-9458,41.8,2.0,West,Apparel,In-Store POS,90.0,2026-08-20
2026-08-20,ORD-0820-9373,82.38,3.0,East,Health & Beauty,Marketplace,90.0,2026-08-20
2026-08-20,ORD-0820-2905,278.37,1.0,South,Electronics,Marketplace,108.0,2026-08-20
2026-08-20,ORD-0820-8451,159.31,4.0,East,Health & Beauty,Online Store,138.0,2026-08-20
2026-08-20,ORD-0820-6407,85.62,4.0,East,Apparel,Marketplace,103.0,2026-08-20
2026-08-20,ORD-0820-5905,87.76,4.0,West,Health & Beauty,Mobile App,111.0,2026-08-20
2026-08-20,ORD-0820-9591,143.69,1.0,West,Health & Beauty,Online Store,129.0,2026-08-20
2026-08-20,ORD-0820-3782,150.87,4.0,South,Home & Living,Marketplace,111.0,2026-08-20
2026-08-20,ORD-0820-8795,148.97,2.0,West,Home & Living,Online Store,145.0,2026-08-20
2026-08-20,ORD-0820-7296,134.61,2.0,East,Health & Beauty,Mobile App,82.0,2026-08-20
2026-08-20,ORD-0820-7356,145.88,2.0,West,Home & Living,Marketplace,96.0,2026-08-20
2026-08-20,ORD-0820-7594,188.02,4.0,West,Electronics,Online Store,149.0,2026-08-20
2026-08-20,ORD-0820-5093,207.11,1.0,North,Electronics,Online Store,106.0,2026-08-20
2026-08-20,ORD-0820-1517,491.37,1.0,North,Electronics,Online Store,117.0,2026-08-20
2026-08-20,ORD-0820-7563,90.97,2.0,North,Health & Beauty,Marketplace,97.0,2026-08-20
2026-08-20,ORD-0820-3665,111.27,4.0,West,Home & Living,In-Store POS,127.0,2026-08-20
2026-08-20,ORD-0820-9865,78.59,1.0,West,Apparel,Online Store,144.0,2026-08-20
2026-08-20,ORD-0820-1808,127.65,4.0,North,Home & Living,Marketplace,80.0,2026-08-20
2026-08-20,ORD-0820-7609,149.58,1.0,North,Health & Beauty,Marketplace,97.0,2026-08-20
2026-08-20,ORD-0820-6673,153.47,2.0,East,Apparel,Online Store,97.0,2026-08-20
2026-08-20,ORD-0820-4225,165.72,4.0,West,Health & Beauty,Mobile App,137.0,2026-08-20
2026-08-20,ORD-0820-5517,94.65,1.0,South,Electronics,In-Store POS,81.0,2026-08-20
2026-08-20,ORD-0820-5212,116.76,4.0,East,Health & Beauty,Online Store,134.0,2026-08-20
2026-08-20,ORD-0820-7468,161.51,3.0,West,Health & Beauty,Marketplace,87.0,2026-08-20
2026-08-21,ORD-0821-8642,78.26,4.0,North,Health & Beauty,Mobile App,138.0,2026-08-21
2026-08-21,ORD-0821-9171,157.36,3.0,East,Health & Beauty,Mobile App,108.0,2026-08-21
2026-08-21,ORD-0821-7158,62.53,2.0,East,Health & Beauty,In-Store POS,86.0,2026-08-21
2026-08-21,ORD-0821-6924,156.73,1.0,South,Home & Living,In-Store POS,100.0,2026-08-21
2026-08-21,ORD-0821-7039,58.1,2.0,East,Health & Beauty,In-Store POS,144.0,2026-08-21
2026-08-21,ORD-0821-1661,89.72,1.0,North,Home & Living,Online Store,134.0,2026-08-21
2026-08-21,ORD-0821-3819,81.57,3.0,East,Home & Living,Mobile App,87.0,2026-08-21
2026-08-21,ORD-0821-2967,177.09,3.0,West,Home & Living,Marketplace,97.0,2026-08-21
2026-08-21,ORD-0821-2387,95.9,2.0,West,Health & Beauty,Online Store,121.0,2026-08-21
2026-08-21,ORD-0821-6952,112.54,2.0,East,Health & Beauty,Marketplace,109.0,2026-08-21
2026-08-21,ORD-0821-8002,129.4,4.0,East,Health & Beauty,Marketplace,128.0,2026-08-21
2026-08-21,ORD-0821-2300,58.3,1.0,North,Apparel,Marketplace,138.0,2026-08-21
2026-08-21,ORD-0821-9788,123.06,3.0,South,Apparel,Online Store,94.0,2026-08-21
2026-08-21,ORD-0821-7879,66.51,1.0,West,Apparel,Online Store,80.0,2026-08-21
2026-08-21,ORD-0821-4795,91.83,3.0,East,Apparel,Online Store,149.0,2026-08-21
2026-08-21,ORD-0821-9956,244.81,2.0,South,Electronics,Marketplace,118.0,2026-08-21
2026-08-21,ORD-0821-6234,71.59,1.0,South,Electronics,Mobile App,90.0,2026-08-21
2026-08-21,ORD-0821-5506,131.53,1.0,South,Apparel,Online Store,99.0,2026-08-21
2026-08-21,ORD-0821-8674,45.87,3.0,East,Home & Living,Mobile App,138.0,2026-08-21
2026-08-21,ORD-0821-4223,90.72,4.0,East,Home & Living,In-Store POS,146.0,2026-08-21
2026-08-21,ORD-0821-1501,67.7,2.0,East,Apparel,Online Store,128.0,2026-08-21
2026-08-21,ORD-0821-3146,31.94,1.0,South,Health & Beauty,Marketplace,85.0,2026-08-21
2026-08-22,ORD-0822-1721,45.25,3.0,North,Home & Living,Mobile App,137.0,2026-08-22
2026-08-22,ORD-0822-4861,197.06,1.0,South,Electronics,Marketplace,110.0,2026-08-22
2026-08-22,ORD-0822-9955,364.1,2.0,North,Electronics,Mobile App,131.0,2026-08-22
2026-08-22,ORD-0822-7733,25.64,4.0,South,Apparel,In-Store POS,96.0,2026-08-22
2026-08-22,ORD-0822-9485,75.9,2.0,North,Apparel,In-Store POS,130.0,2026-08-22
2026-08-22,ORD-0822-2886,575.53,2.0,East,Electronics,Marketplace,99.0,2026-08-22
2026-08-22,ORD-0822-5705,50.99,2.0,West,Electronics,In-Store POS,131.0,2026-08-22
2026-08-22,ORD-0822-6260,94.04,1.0,East,Health & Beauty,In-Store POS,105.0,2026-08-22
2026-08-22,ORD-0822-4313,378.95,1.0,East,Electronics,Online Store,100.0,2026-08-22
2026-08-22,ORD-0822-7559,176.25,2.0,North,Home & Living,In-Store POS,150.0,2026-08-22
2026-08-22,ORD-0822-5372,62.23,4.0,North,Health & Beauty,Online Store,126.0,2026-08-22
2026-08-22,ORD-0822-7197,98.72,1.0,South,Health & Beauty,Mobile App,87.0,2026-08-22
2026-08-22,ORD-0822-3114,365.13,4.0,East,Electronics,Marketplace,116.0,2026-08-22
2026-08-22,ORD-0822-3936,171.2,2.0,West,Electronics,Online Store,142.0,2026-08-22
2026-08-22,ORD-0822-1060,90.92,3.0,East,Apparel,In-Store POS,93.0,2026-08-22
2026-08-22,ORD-0822-3892,514.4,2.0,North,Electronics,Mobile App,148.0,2026-08-22
2026-08-22,ORD-0822-4396,129.65,4.0,North,Apparel,Marketplace,121.0,2026-08-22
2026-08-22,ORD-0822-3344,89.25,1.0,West,Home & Living,Online Store,88.0,2026-08-22
2026-08-22,ORD-0822-2400,27.6,1.0,East,Health & Beauty,Marketplace,81.0,2026-08-22
2026-08-22,ORD-0822-9939,142.11,1.0,South,Home & Living,In-Store POS,100.0,2026-08-22
2026-08-22,ORD-0822-1648,82.38,1.0,South,Health & Beauty,Marketplace,116.0,2026-08-22
2026-08-22,ORD-0822-1286,172.97,3.0,South,Health & Beauty,In-Store POS,136.0,2026-08-22
2026-08-22,ORD-0822-1454,50.8,3.0,West,Home & Living,In-Store POS,145.0,2026-08-22
2026-08-22,ORD-0822-2988,55.4,3.0,South,Health & Beauty,In-Store POS,127.0,2026-08-22
2026-08-22,ORD-0822-8785,97.48,3.0,East,Home & Living,Marketplace,123.0,2026-08-22
2026-08-22,ORD-0822-2315,49.0,2.0,South,Health & Beauty,In-Store POS,123.0,2026-08-22
2026-08-22,ORD-0822-5323,64.88,3.0,North,Apparel,In-Store POS,109.0,2026-08-22
2026-08-22,ORD-0822-4028,260.71,2.0,North,Electronics,Marketplace,90.0,2026-08-22
2026-08-22,ORD-0822-7343,497.85,3.0,East,Electronics,Marketplace,111.0,2026-08-22
2026-08-22,ORD-0822-4765,397.38,1.0,North,Electronics,Online Store,107.0,2026-08-22
2026-08-22,ORD-0822-5666,152.21,4.0,North,Electronics,Online Store,119.0,2026-08-22
2026-08-22,ORD-0822-4688,177.16,4.0,East,Apparel,In-Store POS,123.0,2026-08-22
2026-08-22,ORD-0822-8686,135.8,1.0,West,Health & Beauty,Mobile App,125.0,2026-08-22
2026-08-22,ORD-0822-3458,145.92,2.0,West,Electronics,Online Store,104.0,2026-08-22
2026-08-22,ORD-0822-3893,154.76,3.0,West,Health & Beauty,Mobile App,124.0,2026-08-22
2026-08-22,ORD-0822-1304,151.52,3.0,North,Apparel,Mobile App,132.0,2026-08-22
2026-08-22,ORD-0822-8166,146.37,2.0,North,Home & Living,Mobile App,91.0,2026-08-22
2026-08-22,ORD-0822-7731,144.86,4.0,West,Home & Living,Online Store,97.0,2026-08-22
2026-08-22,ORD-0822-2938,108.24,3.0,North,Home & Living,Mobile App,147.0,2026-08-22
2026-08-23,ORD-0823-7285,105.81,3.0,North,Health & Beauty,Online Store,91.0,2026-08-23
2026-08-23,ORD-0823-6916,446.65,2.0,West,Electronics,In-Store POS,128.0,2026-08-23
2026-08-23,ORD-0823-1290,25.19,4.0,East,Home & Living,Marketplace,104.0,2026-08-23
2026-08-23,ORD-0823-2845,128.24,4.0,East,Apparel,Online Store,125.0,2026-08-23
2026-08-23,ORD-0823-2341,90.35,2.0,South,Apparel,Online Store,124.0,2026-08-23
2026-08-23,ORD-0823-4876,90.25,3.0,South,Apparel,Online Store,100.0,2026-08-23
2026-08-23,ORD-0823-9121,160.08,1.0,East,Apparel,Mobile App,127.0,2026-08-23
2026-08-23,ORD-0823-8777,148.83,3.0,South,Health & Beauty,Mobile App,91.0,2026-08-23
2026-08-23,ORD-0823-1546,155.01,2.0,South,Apparel,Online Store,128.0,2026-08-23
2026-08-23,ORD-0823-4204,147.07,4.0,East,Health & Beauty,Marketplace,105.0,2026-08-23
2026-08-23,ORD-0823-3798,134.36,4.0,West,Health & Beauty,In-Store POS,144.0,2026-08-23
2026-08-23,ORD-0823-2175,58.99,1.0,East,Health & Beauty,Online Store,81.0,2026-08-23
2026-08-23,ORD-0823-5263,131.69,4.0,West,Health & Beauty,Marketplace,87.0,2026-08-23
2026-08-23,ORD-0823-8780,424.78,2.0,North,Electronics,Online Store,136.0,2026-08-23
2026-08-23,ORD-0823-2869,154.54,2.0,South,Home & Living,Marketplace,89.0,2026-08-23
2026-08-23,ORD-0823-4988,124.22,4.0,North,Home & Living,Online Store,82.0,2026-08-23
2026-08-23,ORD-0823-7223,248.46,4.0,West,Electronics,In-Store POS,137.0,2026-08-23
2026-08-23,ORD-0823-2796,224.44,4.0,South,Electronics,Marketplace,92.0,2026-08-23
2026-08-23,ORD-0823-8104,114.34,4.0,East,Health & Beauty,Online Store,85.0,2026-08-23
2026-08-23,ORD-0823-2126,479.4,1.0,South,Electronics,Marketplace,139.0,2026-08-23
2026-08-23,ORD-0823-6107,128.07,4.0,South,Apparel,Mobile App,115.0,2026-08-23
2026-08-23,ORD-0823-5589,113.48,1.0,South,Health & Beauty,In-Store POS,133.0,2026-08-23
2026-08-23,ORD-0823-8912,178.61,1.0,East,Home & Living,In-Store POS,104.0,2026-08-23
2026-08-23,ORD-0823-2833,143.11,2.0,South,Home & Living,In-Store POS,80.0,2026-08-23
2026-08-23,ORD-0823-1190,176.84,3.0,West,Health & Beauty,Marketplace,100.0,2026-08-23
2026-08-23,ORD-0823-6976,150.12,1.0,North,Home & Living,Online Store,140.0,2026-08-23
2026-08-23,ORD-0823-3210,26.51,1.0,South,Health & Beauty,Mobile App,112.0,2026-08-23
2026-08-23,ORD-0823-6313,107.75,1.0,West,Electronics,In-Store POS,145.0,2026-08-23
2026-08-24,ORD-0824-6327,77.68,4.0,West,Health & Beauty,Marketplace,90.0,2026-08-24
2026-08-24,ORD-0824-8257,170.62,3.0,East,Home & Living,In-Store POS,138.0,2026-08-24
2026-08-24,ORD-0824-5641,148.11,4.0,East,Apparel,Mobile App,136.0,2026-08-24
2026-08-24,ORD-0824-4830,55.28,3.0,East,Home & Living,Online Store,86.0,2026-08-24
2026-08-24,ORD-0824-5939,154.01,3.0,West,Apparel,In-Store POS,102.0,2026-08-24
2026-08-24,ORD-0824-5996,158.51,1.0,West,Health & Beauty,Online Store,115.0,2026-08-24
2026-08-24,ORD-0824-7662,74.93,1.0,South,Health & Beauty,In-Store POS,109.0,2026-08-24
2026-08-24,ORD-0824-2627,96.84,2.0,South,Health & Beauty,Marketplace,126.0,2026-08-24
2026-08-24,ORD-0824-5584,108.99,3.0,West,Home & Living,Online Store,85.0,2026-08-24
2026-08-24,ORD-0824-4827,411.06,4.0,South,Electronics,Online Store,88.0,2026-08-24
2026-08-24,ORD-0824-7426,177.4,1.0,South,Health & Beauty,Marketplace,134.0,2026-08-24
2026-08-24,ORD-0824-9340,25.71,1.0,North,Apparel,Online Store,145.0,2026-08-24
2026-08-24,ORD-0824-8946,125.21,4.0,East,Health & Beauty,In-Store POS,146.0,2026-08-24
2026-08-24,ORD-0824-3143,74.51,4.0,West,Electronics,Mobile App,101.0,2026-08-24
2026-08-24,ORD-0824-1321,43.57,3.0,East,Health & Beauty,Mobile App,114.0,2026-08-24
2026-08-24,ORD-0824-8448,38.57,2.0,West,Home & Living,Marketplace,82.0,2026-08-24
2026-08-24,ORD-0824-4694,80.4,3.0,North,Health & Beauty,Mobile App,129.0,2026-08-24
2026-08-24,ORD-0824-2740,172.92,1.0,West,Home & Living,Marketplace,112.0,2026-08-24
2026-08-24,ORD-0824-8172,160.59,1.0,North,Health & Beauty,Mobile App,138.0,2026-08-24
2026-08-24,ORD-0824-4899,99.14,3.0,West,Health & Beauty,Online Store,91.0,2026-08-24
2026-08-24,ORD-0824-1315,164.85,3.0,East,Electronics,In-Store POS,96.0,2026-08-24
2026-08-24,ORD-0824-6720,172.56,2.0,West,Health & Beauty,Marketplace,139.0,2026-08-24
2026-08-25,ORD-0825-7520,134.54,2.0,South,Home & Living,Mobile App,107.0,2026-08-25
2026-08-25,ORD-0825-7697,118.98,3.0,West,Electronics,In-Store POS,125.0,2026-08-25
2026-08-25,ORD-0825-9956,469.07,2.0,South,Electronics,Mobile App,119.0,2026-08-25
2026-08-25,ORD-0825-7134,34.63,4.0,South,Health & Beauty,Online Store,121.0,2026-08-25
2026-08-25,ORD-0825-3561,59.84,1.0,South,Apparel,Mobile App,126.0,2026-08-25
2026-08-25,ORD-0825-3738,147.04,3.0,East,Health & Beauty,In-Store POS,114.0,2026-08-25
2026-08-25,ORD-0825-1107,176.34,2.0,South,Apparel,In-Store POS,150.0,2026-08-25
2026-08-25,ORD-0825-5387,343.91,3.0,East,Electronics,In-Store POS,129.0,2026-08-25
2026-08-25,ORD-0825-2962,145.49,4.0,North,Home & Living,Marketplace,105.0,2026-08-25
2026-08-25,ORD-0825-6328,115.49,2.0,North,Apparel,Online Store,103.0,2026-08-25
2026-08-25,ORD-0825-3859,265.54,4.0,East,Electronics,In-Store POS,97.0,2026-08-25
2026-08-25,ORD-0825-4605,544.66,2.0,North,Electronics,Marketplace,129.0,2026-08-25
2026-08-25,ORD-0825-8657,192.55,1.0,North,Electronics,Mobile App,147.0,2026-08-25
2026-08-25,ORD-0825-1960,147.14,2.0,South,Health & Beauty,Online Store,120.0,2026-08-25
2026-08-25,ORD-0825-8256,156.33,1.0,North,Electronics,Mobile App,145.0,2026-08-25
2026-08-25,ORD-0825-2862,70.71,2.0,North,Apparel,In-Store POS,111.0,2026-08-25
2026-08-25,ORD-0825-7480,35.55,1.0,South,Apparel,Marketplace,143.0,2026-08-25
2026-08-25,ORD-0825-3248,26.97,3.0,East,Health & Beauty,In-Store POS,84.0,2026-08-25
2026-08-26,ORD-0826-9900,130.65,1.0,East,Electronics,In-Store POS,105.0,2026-08-26
2026-08-26,ORD-0826-2115,78.02,4.0,East,Apparel,Marketplace,86.0,2026-08-26
2026-08-26,ORD-0826-4517,99.63,2.0,West,Home & Living,Mobile App,110.0,2026-08-26
2026-08-26,ORD-0826-9347,99.76,3.0,East,Apparel,Mobile App,103.0,2026-08-26
2026-08-26,ORD-0826-5561,426.86,1.0,East,Electronics,Marketplace,134.0,2026-08-26
2026-08-26,ORD-0826-9802,100.06,1.0,East,Apparel,Marketplace,95.0,2026-08-26
2026-08-26,ORD-0826-1416,176.79,2.0,South,Health & Beauty,In-Store POS,143.0,2026-08-26
2026-08-26,ORD-0826-2693,168.34,4.0,North,Electronics,Marketplace,108.0,2026-08-26
2026-08-26,ORD-0826-5903,77.3,4.0,East,Health & Beauty,Mobile App,86.0,2026-08-26
2026-08-26,ORD-0826-9812,124.55,3.0,North,Apparel,In-Store POS,123.0,2026-08-26
2026-08-26,ORD-0826-9896,102.61,4.0,West,Apparel,Online Store,113.0,2026-08-26
2026-08-26,ORD-0826-3100,424.4,4.0,South,Electronics,In-Store POS,103.0,2026-08-26
2026-08-26,ORD-0826-9998,120.15,2.0,North,Home & Living,In-Store POS,83.0,2026-08-26
2026-08-26,ORD-0826-1028,409.4,2.0,East,Electronics,Mobile App,134.0,2026-08-26
2026-08-26,ORD-0826-2497,174.2,1.0,South,Home & Living,Online Store,145.0,2026-08-26
2026-08-26,ORD-0826-4976,169.79,4.0,West,Home & Living,Online Store,107.0,2026-08-26
2026-08-26,ORD-0826-9776,107.64,3.0,East,Health & Beauty,In-Store POS,144.0,2026-08-26
2026-08-26,ORD-0826-3277,101.33,1.0,North,Home & Living,In-Store POS,98.0,2026-08-26
2026-08-26,ORD-0826-9134,272.13,2.0,North,Electronics,Online Store,121.0,2026-08-26
2026-08-26,ORD-0826-9689,28.54,3.0,South,Health & Beauty,Mobile App,145.0,2026-08-26
2026-08-26,ORD-0826-7182,313.62,1.0,South,Electronics,Marketplace,132.0,2026-08-26
2026-08-26,ORD-0826-6484,123.11,4.0,East,Home & Living,Marketplace,95.0,2026-08-26
2026-08-26,ORD-0826-1782,95.55,4.0,East,Home & Living,In-Store POS,99.0,2026-08-26
2026-08-26,ORD-0826-2258,68.27,4.0,West,Apparel,Online Store,82.0,2026-08-26
2026-08-26,ORD-0826-5632,25.01,2.0,East,Health & Beauty,In-Store POS,91.0,2026-08-26
2026-08-26,ORD-0826-5666,124.39,1.0,North,Home & Living,Marketplace,143.0,2026-08-26
2026-08-27,ORD-0827-9248,118.87,2.0,West,Health & Beauty,Mobile App,145.0,2026-08-27
2026-08-27,ORD-0827-8851,35.07,3.0,East,Apparel,Mobile App,84.0,2026-08-27
2026-08-27,ORD-0827-3976,113.24,4.0,East,Health & Beauty,Online Store,142.0,2026-08-27
2026-08-27,ORD-0827-4026,45.64,2.0,North,Health & Beauty,Marketplace,108.0,2026-08-27
2026-08-27,ORD-0827-9372,113.57,3.0,East,Apparel,Online Store,107.0,2026-08-27
2026-08-27,ORD-0827-1471,145.14,4.0,East,Apparel,Marketplace,108.0,2026-08-27
2026-08-27,ORD-0827-4221,132.81,3.0,South,Electronics,Marketplace,148.0,2026-08-27
2026-08-27,ORD-0827-1228,137.73,3.0,South,Home & Living,Online Store,102.0,2026-08-27
2026-08-27,ORD-0827-3807,275.28,2.0,West,Electronics,In-Store POS,116.0,2026-08-27
2026-08-27,ORD-0827-1818,73.01,4.0,East,Apparel,Online Store,144.0,2026-08-27
2026-08-27,ORD-0827-2160,108.32,4.0,East,Health & Beauty,Mobile App,116.0,2026-08-27
2026-08-27,ORD-0827-8986,101.31,4.0,South,Home & Living,Mobile App,139.0,2026-08-27
2026-08-27,ORD-0827-1543,105.86,1.0,West,Apparel,Online Store,118.0,2026-08-27
2026-08-27,ORD-0827-8739,175.35,3.0,West,Health & Beauty,In-Store POS,110.0,2026-08-27
2026-08-27,ORD-0827-5091,83.43,2.0,West,Home & Living,In-Store POS,143.0,2026-08-27
2026-08-27,ORD-0827-4777,93.7,1.0,West,Apparel,Online Store,139.0,2026-08-27
2026-08-27,ORD-0827-7674,69.1,2.0,North,Health & Beauty,Mobile App,145.0,2026-08-27
2026-08-27,ORD-0827-4546,91.11,1.0,East,Health & Beauty,Mobile App,141.0,2026-08-27
2026-08-27,ORD-0827-3958,154.27,2.0,South,Home & Living,In-Store POS,139.0,2026-08-27
2026-08-27,ORD-0827-9697,135.82,2.0,West,Home & Living,In-Store POS,105.0,2026-08-27
2026-08-27,ORD-0827-5678,125.24,3.0,South,Home & Living,Marketplace,90.0,2026-08-27
2026-08-27,ORD-0827-9017,115.15,1.0,South,Home & Living,Mobile App,127.0,2026-08-27
2026-08-27,ORD-0827-7804,48.91,3.0,North,Apparel,Online Store,108.0,2026-08-27
2026-08-27,ORD-0827-5500,80.42,3.0,West,Apparel,Online Store,144.0,2026-08-27
2026-08-27,ORD-0827-1902,125.27,2.0,East,Electronics,In-Store POS,144.0,2026-08-27
2026-08-27,ORD-0827-7453,155.91,1.0,West,Apparel,Marketplace,84.0,2026-08-27
